INSERT INTO verb (id, present) VALUES(1, 'backen');
INSERT INTO translation (verb_id, translation) VALUES(1, 'bake');
INSERT INTO preterite (verb_id, preterite) VALUES(1, 'backte');
INSERT INTO preterite (verb_id, preterite) VALUES(1, 'buk');
INSERT INTO perfect (verb_id, aux_verb, perfect) VALUES(1, 'habe', 'gebacken');

INSERT INTO verb (id, present) VALUES(2, 'befehlen');
INSERT INTO translation (verb_id, translation) VALUES(2, 'command');
INSERT INTO preterite (verb_id, preterite) VALUES(2, 'befahl');
INSERT INTO perfect (verb_id, aux_verb, perfect) VALUES(2, 'habe', 'befohlen');

INSERT INTO verb (id, present) VALUES(3, 'befleißen');
INSERT INTO translation (verb_id, translation) VALUES(3, 'take');
INSERT INTO preterite (verb_id, preterite) VALUES(3, 'befliß');
INSERT INTO perfect (verb_id, aux_verb, perfect) VALUES(3, 'habe', 'beflissen');

INSERT INTO verb (id, present) VALUES(4, 'beginnen');
INSERT INTO translation (verb_id, translation) VALUES(4, 'begin');
INSERT INTO preterite (verb_id, preterite) VALUES(4, 'begann');
INSERT INTO perfect (verb_id, aux_verb, perfect) VALUES(4, 'habe', 'begonnen');

INSERT INTO verb (id, present) VALUES(5, 'beißen');
INSERT INTO translation (verb_id, translation) VALUES(5, 'bite');
INSERT INTO preterite (verb_id, preterite) VALUES(5, 'biß');
INSERT INTO perfect (verb_id, aux_verb, perfect) VALUES(5, 'habe', 'gebissen');

INSERT INTO verb (id, present) VALUES(6, 'bergen');
INSERT INTO translation (verb_id, translation) VALUES(6, 'rescue');
INSERT INTO preterite (verb_id, preterite) VALUES(6, 'barg');
INSERT INTO perfect (verb_id, aux_verb, perfect) VALUES(6, 'habe', 'geborgen');

INSERT INTO verb (id, present) VALUES(7, 'bersten');
INSERT INTO translation (verb_id, translation) VALUES(7, 'burst');
INSERT INTO preterite (verb_id, preterite) VALUES(7, 'barst');
INSERT INTO perfect (verb_id, aux_verb, perfect) VALUES(7, 'habe', 'geborsten');

INSERT INTO verb (id, present) VALUES(8, 'bescheißen');
INSERT INTO translation (verb_id, translation) VALUES(8, 'cheat');
INSERT INTO preterite (verb_id, preterite) VALUES(8, 'beschiß');
INSERT INTO perfect (verb_id, aux_verb, perfect) VALUES(8, 'habe', 'beschissen');

INSERT INTO verb (id, present) VALUES(9, 'bewegen');
INSERT INTO translation (verb_id, translation) VALUES(9, 'induce');
INSERT INTO preterite (verb_id, preterite) VALUES(9, 'bewog');
INSERT INTO perfect (verb_id, aux_verb, perfect) VALUES(9, 'habe', 'bewogen');

INSERT INTO verb (id, present) VALUES(10, 'biegen');
INSERT INTO translation (verb_id, translation) VALUES(10, 'bend');
INSERT INTO preterite (verb_id, preterite) VALUES(10, 'bog');
INSERT INTO perfect (verb_id, aux_verb, perfect) VALUES(10, 'habe', 'gebogen');

INSERT INTO verb (id, present) VALUES(11, 'bieten');
INSERT INTO translation (verb_id, translation) VALUES(11, 'offer');
INSERT INTO preterite (verb_id, preterite) VALUES(11, 'bot');
INSERT INTO perfect (verb_id, aux_verb, perfect) VALUES(11, 'habe', 'geboten');

INSERT INTO verb (id, present) VALUES(12, 'binden');
INSERT INTO translation (verb_id, translation) VALUES(12, 'bind');
INSERT INTO preterite (verb_id, preterite) VALUES(12, 'band');
INSERT INTO perfect (verb_id, aux_verb, perfect) VALUES(12, 'habe', 'gebunden');

INSERT INTO verb (id, present) VALUES(13, 'bitten');
INSERT INTO translation (verb_id, translation) VALUES(13, 'request');
INSERT INTO preterite (verb_id, preterite) VALUES(13, 'bat');
INSERT INTO perfect (verb_id, aux_verb, perfect) VALUES(13, 'habe', 'gebeten');

INSERT INTO verb (id, present) VALUES(14, 'blasen');
INSERT INTO translation (verb_id, translation) VALUES(14, 'blow');
INSERT INTO preterite (verb_id, preterite) VALUES(14, 'blies');
INSERT INTO perfect (verb_id, aux_verb, perfect) VALUES(14, 'habe', 'geblasen');

INSERT INTO verb (id, present) VALUES(15, 'bleiben');
INSERT INTO translation (verb_id, translation) VALUES(15, 'remain');
INSERT INTO preterite (verb_id, preterite) VALUES(15, 'blieb');
INSERT INTO perfect (verb_id, aux_verb, perfect) VALUES(15, 'habe', 'geblieben');

INSERT INTO verb (id, present) VALUES(16, 'bleichen');
INSERT INTO translation (verb_id, translation) VALUES(16, 'fade');
INSERT INTO preterite (verb_id, preterite) VALUES(16, 'bleichte');
INSERT INTO perfect (verb_id, aux_verb, perfect) VALUES(16, 'habe', 'geblichen');

INSERT INTO verb (id, present) VALUES(17, 'braten');
INSERT INTO translation (verb_id, translation) VALUES(17, 'roast');
INSERT INTO preterite (verb_id, preterite) VALUES(17, 'briet');
INSERT INTO perfect (verb_id, aux_verb, perfect) VALUES(17, 'habe', 'gebraten');

INSERT INTO verb (id, present) VALUES(18, 'brechen');
INSERT INTO translation (verb_id, translation) VALUES(18, 'break');
INSERT INTO preterite (verb_id, preterite) VALUES(18, 'brach');
INSERT INTO perfect (verb_id, aux_verb, perfect) VALUES(18, 'habe', 'gebrochen');

INSERT INTO verb (id, present) VALUES(19, 'brennen');
INSERT INTO translation (verb_id, translation) VALUES(19, 'burn');
INSERT INTO preterite (verb_id, preterite) VALUES(19, 'brannte');
INSERT INTO perfect (verb_id, aux_verb, perfect) VALUES(19, 'habe', 'gebrannt');

INSERT INTO verb (id, present) VALUES(20, 'bringen');
INSERT INTO translation (verb_id, translation) VALUES(20, 'bring');
INSERT INTO preterite (verb_id, preterite) VALUES(20, 'brachte');
INSERT INTO perfect (verb_id, aux_verb, perfect) VALUES(20, 'habe', 'gebracht');

INSERT INTO verb (id, present) VALUES(21, 'denken');
INSERT INTO translation (verb_id, translation) VALUES(21, 'think');
INSERT INTO preterite (verb_id, preterite) VALUES(21, 'dachte');
INSERT INTO perfect (verb_id, aux_verb, perfect) VALUES(21, 'habe', 'gedacht');

INSERT INTO verb (id, present) VALUES(22, 'dingen');
INSERT INTO translation (verb_id, translation) VALUES(22, 'hire');
INSERT INTO preterite (verb_id, preterite) VALUES(22, 'dingte');
INSERT INTO perfect (verb_id, aux_verb, perfect) VALUES(22, 'habe', 'gedungen');

INSERT INTO verb (id, present) VALUES(23, 'dreschen');
INSERT INTO translation (verb_id, translation) VALUES(23, 'thresh');
INSERT INTO preterite (verb_id, preterite) VALUES(23, 'drasch');
INSERT INTO perfect (verb_id, aux_verb, perfect) VALUES(23, 'habe', 'gedroschen');

INSERT INTO verb (id, present) VALUES(24, 'dringen');
INSERT INTO translation (verb_id, translation) VALUES(24, 'penetrate');
INSERT INTO preterite (verb_id, preterite) VALUES(24, 'drang');
INSERT INTO perfect (verb_id, aux_verb, perfect) VALUES(24, 'habe', 'gedrungen');

INSERT INTO verb (id, present) VALUES(25, 'dünken');
INSERT INTO translation (verb_id, translation) VALUES(25, 'seem');
INSERT INTO preterite (verb_id, preterite) VALUES(25, 'dünkte');
INSERT INTO perfect (verb_id, aux_verb, perfect) VALUES(25, 'habe', 'gedünkt');

INSERT INTO verb (id, present) VALUES(26, 'dürfen');
INSERT INTO translation (verb_id, translation) VALUES(26, 'be');
INSERT INTO preterite (verb_id, preterite) VALUES(26, 'durfte');
INSERT INTO perfect (verb_id, aux_verb, perfect) VALUES(26, 'habe', 'gedurft');

INSERT INTO verb (id, present) VALUES(27, 'empfehlen');
INSERT INTO translation (verb_id, translation) VALUES(27, 'recommend');
INSERT INTO preterite (verb_id, preterite) VALUES(27, 'empfahl');
INSERT INTO perfect (verb_id, aux_verb, perfect) VALUES(27, 'habe', 'empfohlen');

INSERT INTO verb (id, present) VALUES(28, 'erbleichen');
INSERT INTO translation (verb_id, translation) VALUES(28, 'pale');
INSERT INTO preterite (verb_id, preterite) VALUES(28, 'erbleichte');
INSERT INTO perfect (verb_id, aux_verb, perfect) VALUES(28, 'habe', 'erblichen');

INSERT INTO verb (id, present) VALUES(29, 'erkiesen');
INSERT INTO translation (verb_id, translation) VALUES(29, 'choose');
INSERT INTO preterite (verb_id, preterite) VALUES(29, 'erkor');
INSERT INTO perfect (verb_id, aux_verb, perfect) VALUES(29, 'habe', 'erkoren');

INSERT INTO verb (id, present) VALUES(30, 'erlöschen');
INSERT INTO translation (verb_id, translation) VALUES(30, 'die');
INSERT INTO preterite (verb_id, preterite) VALUES(30, 'erlosch');
INSERT INTO perfect (verb_id, aux_verb, perfect) VALUES(30, 'habe', 'erloschen');

INSERT INTO verb (id, present) VALUES(31, 'erschrecken');
INSERT INTO translation (verb_id, translation) VALUES(31, 'frighten');
INSERT INTO preterite (verb_id, preterite) VALUES(31, 'erschrak');
INSERT INTO perfect (verb_id, aux_verb, perfect) VALUES(31, 'habe', 'erschrocken');

INSERT INTO verb (id, present) VALUES(32, 'essen');
INSERT INTO translation (verb_id, translation) VALUES(32, 'eat');
INSERT INTO preterite (verb_id, preterite) VALUES(32, 'aß');
INSERT INTO perfect (verb_id, aux_verb, perfect) VALUES(32, 'habe', 'gegessen');

INSERT INTO verb (id, present) VALUES(33, 'fahren');
INSERT INTO translation (verb_id, translation) VALUES(33, 'drive');
INSERT INTO preterite (verb_id, preterite) VALUES(33, 'fuhr');
INSERT INTO perfect (verb_id, aux_verb, perfect) VALUES(33, 'habe', 'gefahren');

INSERT INTO verb (id, present) VALUES(34, 'fallen');
INSERT INTO translation (verb_id, translation) VALUES(34, 'fall');
INSERT INTO preterite (verb_id, preterite) VALUES(34, 'fiel');
INSERT INTO perfect (verb_id, aux_verb, perfect) VALUES(34, 'habe', 'gefallen');

INSERT INTO verb (id, present) VALUES(35, 'fangen');
INSERT INTO translation (verb_id, translation) VALUES(35, 'catch');
INSERT INTO preterite (verb_id, preterite) VALUES(35, 'fing');
INSERT INTO perfect (verb_id, aux_verb, perfect) VALUES(35, 'habe', 'gefangen');

INSERT INTO verb (id, present) VALUES(36, 'fechten');
INSERT INTO translation (verb_id, translation) VALUES(36, 'fence');
INSERT INTO preterite (verb_id, preterite) VALUES(36, 'focht');
INSERT INTO perfect (verb_id, aux_verb, perfect) VALUES(36, 'habe', 'gefochten');

INSERT INTO verb (id, present) VALUES(37, 'finden');
INSERT INTO translation (verb_id, translation) VALUES(37, 'find');
INSERT INTO preterite (verb_id, preterite) VALUES(37, 'fand');
INSERT INTO perfect (verb_id, aux_verb, perfect) VALUES(37, 'habe', 'gefunden');

INSERT INTO verb (id, present) VALUES(38, 'flechten');
INSERT INTO translation (verb_id, translation) VALUES(38, 'plait');
INSERT INTO preterite (verb_id, preterite) VALUES(38, 'flocht');
INSERT INTO perfect (verb_id, aux_verb, perfect) VALUES(38, 'habe', 'geflochten');

INSERT INTO verb (id, present) VALUES(39, 'fliegen');
INSERT INTO translation (verb_id, translation) VALUES(39, 'fly');
INSERT INTO preterite (verb_id, preterite) VALUES(39, 'flog');
INSERT INTO perfect (verb_id, aux_verb, perfect) VALUES(39, 'habe', 'geflogen');

INSERT INTO verb (id, present) VALUES(40, 'fliehen');
INSERT INTO translation (verb_id, translation) VALUES(40, 'flee');
INSERT INTO preterite (verb_id, preterite) VALUES(40, 'floh');
INSERT INTO perfect (verb_id, aux_verb, perfect) VALUES(40, 'habe', 'geflohen');

INSERT INTO verb (id, present) VALUES(41, 'fließen');
INSERT INTO translation (verb_id, translation) VALUES(41, 'flow');
INSERT INTO preterite (verb_id, preterite) VALUES(41, 'floß');
INSERT INTO perfect (verb_id, aux_verb, perfect) VALUES(41, 'habe', 'geflossen');

INSERT INTO verb (id, present) VALUES(42, 'fragen');
INSERT INTO translation (verb_id, translation) VALUES(42, 'ask');
INSERT INTO preterite (verb_id, preterite) VALUES(42, 'fragte');
INSERT INTO preterite (verb_id, preterite) VALUES(42, 'frug');
INSERT INTO perfect (verb_id, aux_verb, perfect) VALUES(42, 'habe', 'gefragt');

INSERT INTO verb (id, present) VALUES(43, 'fressen');
INSERT INTO translation (verb_id, translation) VALUES(43, 'snarf');
INSERT INTO preterite (verb_id, preterite) VALUES(43, 'fraß');
INSERT INTO perfect (verb_id, aux_verb, perfect) VALUES(43, 'habe', 'gefressen');

INSERT INTO verb (id, present) VALUES(44, 'frieren');
INSERT INTO translation (verb_id, translation) VALUES(44, 'freeze');
INSERT INTO preterite (verb_id, preterite) VALUES(44, 'fror');
INSERT INTO perfect (verb_id, aux_verb, perfect) VALUES(44, 'habe', 'gefroren');

INSERT INTO verb (id, present) VALUES(45, 'gären');
INSERT INTO translation (verb_id, translation) VALUES(45, 'ferment');
INSERT INTO preterite (verb_id, preterite) VALUES(45, 'gor');
INSERT INTO perfect (verb_id, aux_verb, perfect) VALUES(45, 'habe', 'gegoren');

INSERT INTO verb (id, present) VALUES(46, 'gebären');
INSERT INTO translation (verb_id, translation) VALUES(46, 'give');
INSERT INTO preterite (verb_id, preterite) VALUES(46, 'gebar');
INSERT INTO perfect (verb_id, aux_verb, perfect) VALUES(46, 'habe', 'geboren');

INSERT INTO verb (id, present) VALUES(47, 'geben');
INSERT INTO translation (verb_id, translation) VALUES(47, 'give');
INSERT INTO preterite (verb_id, preterite) VALUES(47, 'gab');
INSERT INTO perfect (verb_id, aux_verb, perfect) VALUES(47, 'habe', 'gegeben');

INSERT INTO verb (id, present) VALUES(48, 'gedeihen');
INSERT INTO translation (verb_id, translation) VALUES(48, 'thrive');
INSERT INTO preterite (verb_id, preterite) VALUES(48, 'gedieh');
INSERT INTO perfect (verb_id, aux_verb, perfect) VALUES(48, 'habe', 'gediehen');

INSERT INTO verb (id, present) VALUES(49, 'gehen');
INSERT INTO translation (verb_id, translation) VALUES(49, 'go');
INSERT INTO preterite (verb_id, preterite) VALUES(49, 'ging');
INSERT INTO perfect (verb_id, aux_verb, perfect) VALUES(49, 'habe', 'gegangen');

INSERT INTO verb (id, present) VALUES(50, 'gelingen');
INSERT INTO translation (verb_id, translation) VALUES(50, 'succeed');
INSERT INTO preterite (verb_id, preterite) VALUES(50, 'gelang');
INSERT INTO perfect (verb_id, aux_verb, perfect) VALUES(50, 'habe', 'gelungen');

INSERT INTO verb (id, present) VALUES(51, 'gelten');
INSERT INTO translation (verb_id, translation) VALUES(51, 'be');
INSERT INTO preterite (verb_id, preterite) VALUES(51, 'galt');
INSERT INTO perfect (verb_id, aux_verb, perfect) VALUES(51, 'habe', 'gegolten');

INSERT INTO verb (id, present) VALUES(52, 'genesen');
INSERT INTO translation (verb_id, translation) VALUES(52, 'convalesce');
INSERT INTO preterite (verb_id, preterite) VALUES(52, 'genas');
INSERT INTO perfect (verb_id, aux_verb, perfect) VALUES(52, 'habe', 'genesen');

INSERT INTO verb (id, present) VALUES(53, 'genießen');
INSERT INTO translation (verb_id, translation) VALUES(53, 'enjoy');
INSERT INTO preterite (verb_id, preterite) VALUES(53, 'genoß');
INSERT INTO perfect (verb_id, aux_verb, perfect) VALUES(53, 'habe', 'genossen');

INSERT INTO verb (id, present) VALUES(54, 'geraten');
INSERT INTO translation (verb_id, translation) VALUES(54, 'turn');
INSERT INTO preterite (verb_id, preterite) VALUES(54, 'geriet');
INSERT INTO perfect (verb_id, aux_verb, perfect) VALUES(54, 'habe', 'geraten');

INSERT INTO verb (id, present) VALUES(55, 'geschehen');
INSERT INTO translation (verb_id, translation) VALUES(55, 'happen');
INSERT INTO preterite (verb_id, preterite) VALUES(55, 'geschah');
INSERT INTO perfect (verb_id, aux_verb, perfect) VALUES(55, 'habe', 'geschehen');

INSERT INTO verb (id, present) VALUES(56, 'gewinnen');
INSERT INTO translation (verb_id, translation) VALUES(56, 'win');
INSERT INTO preterite (verb_id, preterite) VALUES(56, 'gewann');
INSERT INTO perfect (verb_id, aux_verb, perfect) VALUES(56, 'habe', 'gewonnen');

INSERT INTO verb (id, present) VALUES(57, 'gießen');
INSERT INTO translation (verb_id, translation) VALUES(57, 'pour');
INSERT INTO preterite (verb_id, preterite) VALUES(57, 'goß');
INSERT INTO perfect (verb_id, aux_verb, perfect) VALUES(57, 'habe', 'gegossen');

INSERT INTO verb (id, present) VALUES(58, 'gleichen');
INSERT INTO translation (verb_id, translation) VALUES(58, 'compare');
INSERT INTO preterite (verb_id, preterite) VALUES(58, 'glich');
INSERT INTO perfect (verb_id, aux_verb, perfect) VALUES(58, 'habe', 'geglichen');

INSERT INTO verb (id, present) VALUES(59, 'gleißen');
INSERT INTO translation (verb_id, translation) VALUES(59, 'gleam');
INSERT INTO preterite (verb_id, preterite) VALUES(59, 'gleißte');
INSERT INTO preterite (verb_id, preterite) VALUES(59, 'gliß');
INSERT INTO perfect (verb_id, aux_verb, perfect) VALUES(59, 'habe', 'geglissen');

INSERT INTO verb (id, present) VALUES(60, 'gleiten');
INSERT INTO translation (verb_id, translation) VALUES(60, 'glide');
INSERT INTO preterite (verb_id, preterite) VALUES(60, 'glitt');
INSERT INTO perfect (verb_id, aux_verb, perfect) VALUES(60, 'habe', 'geglitten');

INSERT INTO verb (id, present) VALUES(61, 'glimmen');
INSERT INTO translation (verb_id, translation) VALUES(61, 'glow');
INSERT INTO preterite (verb_id, preterite) VALUES(61, 'glomm');
INSERT INTO perfect (verb_id, aux_verb, perfect) VALUES(61, 'habe', 'geglommen');

INSERT INTO verb (id, present) VALUES(62, 'graben');
INSERT INTO translation (verb_id, translation) VALUES(62, 'dig');
INSERT INTO preterite (verb_id, preterite) VALUES(62, 'grub');
INSERT INTO perfect (verb_id, aux_verb, perfect) VALUES(62, 'habe', 'gegraben');

INSERT INTO verb (id, present) VALUES(63, 'greifen');
INSERT INTO translation (verb_id, translation) VALUES(63, 'seize');
INSERT INTO preterite (verb_id, preterite) VALUES(63, 'griff');
INSERT INTO perfect (verb_id, aux_verb, perfect) VALUES(63, 'habe', 'gegriffen');

INSERT INTO verb (id, present) VALUES(64, 'haben');
INSERT INTO translation (verb_id, translation) VALUES(64, 'have');
INSERT INTO preterite (verb_id, preterite) VALUES(64, 'hatte');
INSERT INTO perfect (verb_id, aux_verb, perfect) VALUES(64, 'habe', 'gehabt');

INSERT INTO verb (id, present) VALUES(65, 'halten');
INSERT INTO translation (verb_id, translation) VALUES(65, 'hold');
INSERT INTO preterite (verb_id, preterite) VALUES(65, 'hielt');
INSERT INTO perfect (verb_id, aux_verb, perfect) VALUES(65, 'habe', 'gehalten');

INSERT INTO verb (id, present) VALUES(66, 'hängen');
INSERT INTO translation (verb_id, translation) VALUES(66, 'hang');
INSERT INTO preterite (verb_id, preterite) VALUES(66, 'hing');
INSERT INTO perfect (verb_id, aux_verb, perfect) VALUES(66, 'habe', 'gehangen');

INSERT INTO verb (id, present) VALUES(67, 'hauen');
INSERT INTO translation (verb_id, translation) VALUES(67, 'hew');
INSERT INTO preterite (verb_id, preterite) VALUES(67, 'haute');
INSERT INTO perfect (verb_id, aux_verb, perfect) VALUES(67, 'habe', 'gehauen');

INSERT INTO verb (id, present) VALUES(68, 'heben');
INSERT INTO translation (verb_id, translation) VALUES(68, 'lift');
INSERT INTO preterite (verb_id, preterite) VALUES(68, 'hob');
INSERT INTO perfect (verb_id, aux_verb, perfect) VALUES(68, 'habe', 'gehoben');

INSERT INTO verb (id, present) VALUES(69, 'heißen');
INSERT INTO translation (verb_id, translation) VALUES(69, 'be');
INSERT INTO preterite (verb_id, preterite) VALUES(69, 'hieß');
INSERT INTO perfect (verb_id, aux_verb, perfect) VALUES(69, 'habe', 'geheißen');

INSERT INTO verb (id, present) VALUES(70, 'helfen');
INSERT INTO translation (verb_id, translation) VALUES(70, 'help');
INSERT INTO preterite (verb_id, preterite) VALUES(70, 'half');
INSERT INTO perfect (verb_id, aux_verb, perfect) VALUES(70, 'habe', 'geholfen');

INSERT INTO verb (id, present) VALUES(71, 'kennen');
INSERT INTO translation (verb_id, translation) VALUES(71, 'know');
INSERT INTO preterite (verb_id, preterite) VALUES(71, 'kannte');
INSERT INTO perfect (verb_id, aux_verb, perfect) VALUES(71, 'habe', 'gekannt');

INSERT INTO verb (id, present) VALUES(72, 'klimmen');
INSERT INTO translation (verb_id, translation) VALUES(72, 'climb');
INSERT INTO preterite (verb_id, preterite) VALUES(72, 'klomm');
INSERT INTO perfect (verb_id, aux_verb, perfect) VALUES(72, 'habe', 'geklommen');

INSERT INTO verb (id, present) VALUES(73, 'klingen');
INSERT INTO translation (verb_id, translation) VALUES(73, 'sound');
INSERT INTO preterite (verb_id, preterite) VALUES(73, 'klang');
INSERT INTO perfect (verb_id, aux_verb, perfect) VALUES(73, 'habe', 'geklungen');

INSERT INTO verb (id, present) VALUES(74, 'kneifen');
INSERT INTO translation (verb_id, translation) VALUES(74, 'pinch');
INSERT INTO preterite (verb_id, preterite) VALUES(74, 'kniff');
INSERT INTO perfect (verb_id, aux_verb, perfect) VALUES(74, 'habe', 'gekniffen');

INSERT INTO verb (id, present) VALUES(75, 'kommen');
INSERT INTO translation (verb_id, translation) VALUES(75, 'come');
INSERT INTO preterite (verb_id, preterite) VALUES(75, 'kam');
INSERT INTO perfect (verb_id, aux_verb, perfect) VALUES(75, 'habe', 'gekommen');

INSERT INTO verb (id, present) VALUES(76, 'können');
INSERT INTO translation (verb_id, translation) VALUES(76, 'be');
INSERT INTO preterite (verb_id, preterite) VALUES(76, 'konnte');
INSERT INTO perfect (verb_id, aux_verb, perfect) VALUES(76, 'habe', 'gekonnt');

INSERT INTO verb (id, present) VALUES(77, 'kreischen');
INSERT INTO translation (verb_id, translation) VALUES(77, 'shriek');
INSERT INTO preterite (verb_id, preterite) VALUES(77, 'kreischte');
INSERT INTO perfect (verb_id, aux_verb, perfect) VALUES(77, 'habe', 'gekreischt');

INSERT INTO verb (id, present) VALUES(78, 'kriechen');
INSERT INTO translation (verb_id, translation) VALUES(78, 'crawl');
INSERT INTO preterite (verb_id, preterite) VALUES(78, 'kroch');
INSERT INTO perfect (verb_id, aux_verb, perfect) VALUES(78, 'habe', 'gekrochen');

INSERT INTO verb (id, present) VALUES(79, 'küren');
INSERT INTO translation (verb_id, translation) VALUES(79, 'choose');
INSERT INTO preterite (verb_id, preterite) VALUES(79, 'kürte');
INSERT INTO perfect (verb_id, aux_verb, perfect) VALUES(79, 'habe', 'gekürt');

INSERT INTO verb (id, present) VALUES(80, 'laden');
INSERT INTO translation (verb_id, translation) VALUES(80, 'load');
INSERT INTO preterite (verb_id, preterite) VALUES(80, 'lud');
INSERT INTO perfect (verb_id, aux_verb, perfect) VALUES(80, 'habe', 'geladen');

INSERT INTO verb (id, present) VALUES(81, 'lassen');
INSERT INTO translation (verb_id, translation) VALUES(81, 'let');
INSERT INTO preterite (verb_id, preterite) VALUES(81, 'ließ');
INSERT INTO perfect (verb_id, aux_verb, perfect) VALUES(81, 'habe', 'gelassen');

INSERT INTO verb (id, present) VALUES(82, 'laufen');
INSERT INTO translation (verb_id, translation) VALUES(82, 'run');
INSERT INTO preterite (verb_id, preterite) VALUES(82, 'lief');
INSERT INTO perfect (verb_id, aux_verb, perfect) VALUES(82, 'habe', 'gelaufen');

INSERT INTO verb (id, present) VALUES(83, 'leiden');
INSERT INTO translation (verb_id, translation) VALUES(83, 'suffer');
INSERT INTO preterite (verb_id, preterite) VALUES(83, 'litt');
INSERT INTO perfect (verb_id, aux_verb, perfect) VALUES(83, 'habe', 'gelitten');

INSERT INTO verb (id, present) VALUES(84, 'leihen');
INSERT INTO translation (verb_id, translation) VALUES(84, 'lend');
INSERT INTO preterite (verb_id, preterite) VALUES(84, 'lieh');
INSERT INTO perfect (verb_id, aux_verb, perfect) VALUES(84, 'habe', 'geliehen');

INSERT INTO verb (id, present) VALUES(85, 'lesen');
INSERT INTO translation (verb_id, translation) VALUES(85, 'read');
INSERT INTO preterite (verb_id, preterite) VALUES(85, 'las');
INSERT INTO perfect (verb_id, aux_verb, perfect) VALUES(85, 'habe', 'gelesen');

INSERT INTO verb (id, present) VALUES(86, 'liegen');
INSERT INTO translation (verb_id, translation) VALUES(86, 'lie');
INSERT INTO preterite (verb_id, preterite) VALUES(86, 'lag');
INSERT INTO perfect (verb_id, aux_verb, perfect) VALUES(86, 'habe', 'gelegen');

INSERT INTO verb (id, present) VALUES(87, 'löschen');
INSERT INTO translation (verb_id, translation) VALUES(87, 'go');
INSERT INTO preterite (verb_id, preterite) VALUES(87, 'losch');
INSERT INTO perfect (verb_id, aux_verb, perfect) VALUES(87, 'habe', 'geloschen');

INSERT INTO verb (id, present) VALUES(88, 'lügen');
INSERT INTO translation (verb_id, translation) VALUES(88, 'tell');
INSERT INTO preterite (verb_id, preterite) VALUES(88, 'log');
INSERT INTO perfect (verb_id, aux_verb, perfect) VALUES(88, 'habe', 'gelogen');

INSERT INTO verb (id, present) VALUES(89, 'mahlen');
INSERT INTO translation (verb_id, translation) VALUES(89, 'grind');
INSERT INTO preterite (verb_id, preterite) VALUES(89, 'mahlte');
INSERT INTO perfect (verb_id, aux_verb, perfect) VALUES(89, 'habe', 'gemahlen');

INSERT INTO verb (id, present) VALUES(90, 'meiden');
INSERT INTO translation (verb_id, translation) VALUES(90, 'avoid');
INSERT INTO preterite (verb_id, preterite) VALUES(90, 'mied');
INSERT INTO perfect (verb_id, aux_verb, perfect) VALUES(90, 'habe', 'gemieden');

INSERT INTO verb (id, present) VALUES(91, 'melken');
INSERT INTO translation (verb_id, translation) VALUES(91, 'milk');
INSERT INTO preterite (verb_id, preterite) VALUES(91, 'melkte');
INSERT INTO perfect (verb_id, aux_verb, perfect) VALUES(91, 'habe', 'gemelkt');

INSERT INTO verb (id, present) VALUES(92, 'messen');
INSERT INTO translation (verb_id, translation) VALUES(92, 'measure');
INSERT INTO preterite (verb_id, preterite) VALUES(92, 'maß');
INSERT INTO perfect (verb_id, aux_verb, perfect) VALUES(92, 'habe', 'gemessen');

INSERT INTO verb (id, present) VALUES(93, 'mißlingen');
INSERT INTO translation (verb_id, translation) VALUES(93, 'fail');
INSERT INTO preterite (verb_id, preterite) VALUES(93, 'mißlang');
INSERT INTO perfect (verb_id, aux_verb, perfect) VALUES(93, 'habe', 'mißlungen');

INSERT INTO verb (id, present) VALUES(94, 'mögen');
INSERT INTO translation (verb_id, translation) VALUES(94, 'like');
INSERT INTO preterite (verb_id, preterite) VALUES(94, 'mochte');
INSERT INTO perfect (verb_id, aux_verb, perfect) VALUES(94, 'habe', 'gemocht');

INSERT INTO verb (id, present) VALUES(95, 'müssen');
INSERT INTO translation (verb_id, translation) VALUES(95, 'must');
INSERT INTO preterite (verb_id, preterite) VALUES(95, 'mußte');
INSERT INTO perfect (verb_id, aux_verb, perfect) VALUES(95, 'habe', 'gemußt');

INSERT INTO verb (id, present) VALUES(96, 'nehmen');
INSERT INTO translation (verb_id, translation) VALUES(96, 'take');
INSERT INTO preterite (verb_id, preterite) VALUES(96, 'nahm');
INSERT INTO perfect (verb_id, aux_verb, perfect) VALUES(96, 'habe', 'genommen');

INSERT INTO verb (id, present) VALUES(97, 'nennen');
INSERT INTO translation (verb_id, translation) VALUES(97, 'name');
INSERT INTO preterite (verb_id, preterite) VALUES(97, 'nannte');
INSERT INTO perfect (verb_id, aux_verb, perfect) VALUES(97, 'habe', 'genannt');

INSERT INTO verb (id, present) VALUES(98, 'pfeifen');
INSERT INTO translation (verb_id, translation) VALUES(98, 'whistle');
INSERT INTO preterite (verb_id, preterite) VALUES(98, 'pfiff');
INSERT INTO perfect (verb_id, aux_verb, perfect) VALUES(98, 'habe', 'gepfiffen');

INSERT INTO verb (id, present) VALUES(99, 'pflegen');
INSERT INTO translation (verb_id, translation) VALUES(99, 'care');
INSERT INTO preterite (verb_id, preterite) VALUES(99, 'pflegte');
INSERT INTO perfect (verb_id, aux_verb, perfect) VALUES(99, 'habe', 'gepflegt');

INSERT INTO verb (id, present) VALUES(100, 'preisen');
INSERT INTO translation (verb_id, translation) VALUES(100, 'praise');
INSERT INTO preterite (verb_id, preterite) VALUES(100, 'pries');
INSERT INTO perfect (verb_id, aux_verb, perfect) VALUES(100, 'habe', 'gepriesen');

INSERT INTO verb (id, present) VALUES(101, 'quellen');
INSERT INTO translation (verb_id, translation) VALUES(101, 'well');
INSERT INTO preterite (verb_id, preterite) VALUES(101, 'quoll');
INSERT INTO perfect (verb_id, aux_verb, perfect) VALUES(101, 'habe', 'gequollen');

INSERT INTO verb (id, present) VALUES(102, 'raten');
INSERT INTO translation (verb_id, translation) VALUES(102, 'guess');
INSERT INTO preterite (verb_id, preterite) VALUES(102, 'riet');
INSERT INTO perfect (verb_id, aux_verb, perfect) VALUES(102, 'habe', 'geraten');

INSERT INTO verb (id, present) VALUES(103, 'reiben');
INSERT INTO translation (verb_id, translation) VALUES(103, 'rub');
INSERT INTO preterite (verb_id, preterite) VALUES(103, 'rieb');
INSERT INTO perfect (verb_id, aux_verb, perfect) VALUES(103, 'habe', 'gerieben');

INSERT INTO verb (id, present) VALUES(104, 'reißen');
INSERT INTO translation (verb_id, translation) VALUES(104, 'tear');
INSERT INTO preterite (verb_id, preterite) VALUES(104, 'riß');
INSERT INTO perfect (verb_id, aux_verb, perfect) VALUES(104, 'habe', 'gerissen');

INSERT INTO verb (id, present) VALUES(105, 'reiten');
INSERT INTO translation (verb_id, translation) VALUES(105, 'ride');
INSERT INTO preterite (verb_id, preterite) VALUES(105, 'ritt');
INSERT INTO perfect (verb_id, aux_verb, perfect) VALUES(105, 'habe', 'geritten');

INSERT INTO verb (id, present) VALUES(106, 'rennen');
INSERT INTO translation (verb_id, translation) VALUES(106, 'run');
INSERT INTO preterite (verb_id, preterite) VALUES(106, 'rannte');
INSERT INTO perfect (verb_id, aux_verb, perfect) VALUES(106, 'habe', 'gerannt');

INSERT INTO verb (id, present) VALUES(107, 'riechen');
INSERT INTO translation (verb_id, translation) VALUES(107, 'smell');
INSERT INTO preterite (verb_id, preterite) VALUES(107, 'roch');
INSERT INTO perfect (verb_id, aux_verb, perfect) VALUES(107, 'habe', 'gerochen');

INSERT INTO verb (id, present) VALUES(108, 'ringen');
INSERT INTO translation (verb_id, translation) VALUES(108, 'wrestle');
INSERT INTO preterite (verb_id, preterite) VALUES(108, 'rang');
INSERT INTO perfect (verb_id, aux_verb, perfect) VALUES(108, 'habe', 'gerungen');

INSERT INTO verb (id, present) VALUES(109, 'rinnen');
INSERT INTO translation (verb_id, translation) VALUES(109, 'trickle');
INSERT INTO preterite (verb_id, preterite) VALUES(109, 'rann');
INSERT INTO perfect (verb_id, aux_verb, perfect) VALUES(109, 'habe', 'geronnen');

INSERT INTO verb (id, present) VALUES(110, 'rufen');
INSERT INTO translation (verb_id, translation) VALUES(110, 'call');
INSERT INTO preterite (verb_id, preterite) VALUES(110, 'rief');
INSERT INTO perfect (verb_id, aux_verb, perfect) VALUES(110, 'habe', 'gerufen');

INSERT INTO verb (id, present) VALUES(111, 'salzen');
INSERT INTO translation (verb_id, translation) VALUES(111, 'salt');
INSERT INTO preterite (verb_id, preterite) VALUES(111, 'salzte');
INSERT INTO perfect (verb_id, aux_verb, perfect) VALUES(111, 'habe', 'gesalzen');

INSERT INTO verb (id, present) VALUES(112, 'saufen');
INSERT INTO translation (verb_id, translation) VALUES(112, 'booze');
INSERT INTO preterite (verb_id, preterite) VALUES(112, 'soff');
INSERT INTO perfect (verb_id, aux_verb, perfect) VALUES(112, 'habe', 'gesoffen');

INSERT INTO verb (id, present) VALUES(113, 'saugen');
INSERT INTO translation (verb_id, translation) VALUES(113, 'suck');
INSERT INTO preterite (verb_id, preterite) VALUES(113, 'sog');
INSERT INTO perfect (verb_id, aux_verb, perfect) VALUES(113, 'habe', 'gesogen');

INSERT INTO verb (id, present) VALUES(114, 'schaffen');
INSERT INTO translation (verb_id, translation) VALUES(114, 'create');
INSERT INTO preterite (verb_id, preterite) VALUES(114, 'schuf');
INSERT INTO perfect (verb_id, aux_verb, perfect) VALUES(114, 'habe', 'geschaffen');

INSERT INTO verb (id, present) VALUES(115, 'schallen');
INSERT INTO translation (verb_id, translation) VALUES(115, 'resound');
INSERT INTO preterite (verb_id, preterite) VALUES(115, 'schallte');
INSERT INTO perfect (verb_id, aux_verb, perfect) VALUES(115, 'habe', 'geschollen');

INSERT INTO verb (id, present) VALUES(116, 'scheiden');
INSERT INTO translation (verb_id, translation) VALUES(116, 'separate');
INSERT INTO preterite (verb_id, preterite) VALUES(116, 'schied');
INSERT INTO perfect (verb_id, aux_verb, perfect) VALUES(116, 'habe', 'geschieden');

INSERT INTO verb (id, present) VALUES(117, 'scheinen');
INSERT INTO translation (verb_id, translation) VALUES(117, 'shine');
INSERT INTO preterite (verb_id, preterite) VALUES(117, 'schien');
INSERT INTO perfect (verb_id, aux_verb, perfect) VALUES(117, 'habe', 'geschienen');

INSERT INTO verb (id, present) VALUES(118, 'scheißen');
INSERT INTO translation (verb_id, translation) VALUES(118, 'shit');
INSERT INTO preterite (verb_id, preterite) VALUES(118, 'schiß');
INSERT INTO perfect (verb_id, aux_verb, perfect) VALUES(118, 'habe', 'geschissen');

INSERT INTO verb (id, present) VALUES(119, 'schelten');
INSERT INTO translation (verb_id, translation) VALUES(119, 'scold');
INSERT INTO preterite (verb_id, preterite) VALUES(119, 'schalt');
INSERT INTO perfect (verb_id, aux_verb, perfect) VALUES(119, 'habe', 'gescholten');

INSERT INTO verb (id, present) VALUES(120, 'scheren');
INSERT INTO translation (verb_id, translation) VALUES(120, 'shear');
INSERT INTO preterite (verb_id, preterite) VALUES(120, 'schor');
INSERT INTO perfect (verb_id, aux_verb, perfect) VALUES(120, 'habe', 'geschoren');

INSERT INTO verb (id, present) VALUES(121, 'schieben');
INSERT INTO translation (verb_id, translation) VALUES(121, 'push');
INSERT INTO preterite (verb_id, preterite) VALUES(121, 'schob');
INSERT INTO perfect (verb_id, aux_verb, perfect) VALUES(121, 'habe', 'geschoben');

INSERT INTO verb (id, present) VALUES(122, 'schießen');
INSERT INTO translation (verb_id, translation) VALUES(122, 'shoot');
INSERT INTO preterite (verb_id, preterite) VALUES(122, 'schoß');
INSERT INTO perfect (verb_id, aux_verb, perfect) VALUES(122, 'habe', 'geschossen');

INSERT INTO verb (id, present) VALUES(123, 'schinden');
INSERT INTO translation (verb_id, translation) VALUES(123, 'fleece');
INSERT INTO preterite (verb_id, preterite) VALUES(123, 'schindete');
INSERT INTO perfect (verb_id, aux_verb, perfect) VALUES(123, 'habe', 'geschunden');

INSERT INTO verb (id, present) VALUES(124, 'schlafen');
INSERT INTO translation (verb_id, translation) VALUES(124, 'sleep');
INSERT INTO preterite (verb_id, preterite) VALUES(124, 'schlief');
INSERT INTO perfect (verb_id, aux_verb, perfect) VALUES(124, 'habe', 'geschlafen');

INSERT INTO verb (id, present) VALUES(125, 'schlagen');
INSERT INTO translation (verb_id, translation) VALUES(125, 'strike');
INSERT INTO preterite (verb_id, preterite) VALUES(125, 'schlug');
INSERT INTO perfect (verb_id, aux_verb, perfect) VALUES(125, 'habe', 'geschlagen');

INSERT INTO verb (id, present) VALUES(126, 'schleichen');
INSERT INTO translation (verb_id, translation) VALUES(126, 'creep');
INSERT INTO preterite (verb_id, preterite) VALUES(126, 'schlich');
INSERT INTO perfect (verb_id, aux_verb, perfect) VALUES(126, 'habe', 'geschlichen');

INSERT INTO verb (id, present) VALUES(127, 'schleifen');
INSERT INTO translation (verb_id, translation) VALUES(127, 'sharpen');
INSERT INTO preterite (verb_id, preterite) VALUES(127, 'schliff');
INSERT INTO perfect (verb_id, aux_verb, perfect) VALUES(127, 'habe', 'geschliffen');

INSERT INTO verb (id, present) VALUES(128, 'schleißen');
INSERT INTO translation (verb_id, translation) VALUES(128, 'pluck');
INSERT INTO preterite (verb_id, preterite) VALUES(128, 'schliß');
INSERT INTO perfect (verb_id, aux_verb, perfect) VALUES(128, 'habe', 'geschlissen');

INSERT INTO verb (id, present) VALUES(129, 'schließen');
INSERT INTO translation (verb_id, translation) VALUES(129, 'close');
INSERT INTO preterite (verb_id, preterite) VALUES(129, 'schloß');
INSERT INTO perfect (verb_id, aux_verb, perfect) VALUES(129, 'habe', 'geschlossen');

INSERT INTO verb (id, present) VALUES(130, 'schlingen');
INSERT INTO translation (verb_id, translation) VALUES(130, 'wind;');
INSERT INTO preterite (verb_id, preterite) VALUES(130, 'schlang');
INSERT INTO perfect (verb_id, aux_verb, perfect) VALUES(130, 'habe', 'geschlungen');

INSERT INTO verb (id, present) VALUES(131, 'schmeißen');
INSERT INTO translation (verb_id, translation) VALUES(131, 'chuck');
INSERT INTO preterite (verb_id, preterite) VALUES(131, 'schmiß');
INSERT INTO perfect (verb_id, aux_verb, perfect) VALUES(131, 'habe', 'geschmissen');

INSERT INTO verb (id, present) VALUES(132, 'schmelzen');
INSERT INTO translation (verb_id, translation) VALUES(132, 'melt');
INSERT INTO preterite (verb_id, preterite) VALUES(132, 'schmolz');
INSERT INTO perfect (verb_id, aux_verb, perfect) VALUES(132, 'habe', 'geschmolzen');

INSERT INTO verb (id, present) VALUES(133, 'schnauben');
INSERT INTO translation (verb_id, translation) VALUES(133, 'snort');
INSERT INTO preterite (verb_id, preterite) VALUES(133, 'schnaubte');
INSERT INTO perfect (verb_id, aux_verb, perfect) VALUES(133, 'habe', 'geschnaubt');

INSERT INTO verb (id, present) VALUES(134, 'schneiden');
INSERT INTO translation (verb_id, translation) VALUES(134, 'cut');
INSERT INTO preterite (verb_id, preterite) VALUES(134, 'schnitt');
INSERT INTO perfect (verb_id, aux_verb, perfect) VALUES(134, 'habe', 'geschnitten');

INSERT INTO verb (id, present) VALUES(135, 'schreiben');
INSERT INTO translation (verb_id, translation) VALUES(135, 'write');
INSERT INTO preterite (verb_id, preterite) VALUES(135, 'schrieb');
INSERT INTO perfect (verb_id, aux_verb, perfect) VALUES(135, 'habe', 'geschrieben');

INSERT INTO verb (id, present) VALUES(136, 'schreien');
INSERT INTO translation (verb_id, translation) VALUES(136, 'scream');
INSERT INTO preterite (verb_id, preterite) VALUES(136, 'schrie');
INSERT INTO perfect (verb_id, aux_verb, perfect) VALUES(136, 'habe', 'geschrien');

INSERT INTO verb (id, present) VALUES(137, 'schreiten');
INSERT INTO translation (verb_id, translation) VALUES(137, 'stride');
INSERT INTO preterite (verb_id, preterite) VALUES(137, 'schritt');
INSERT INTO perfect (verb_id, aux_verb, perfect) VALUES(137, 'habe', 'geschritten');

INSERT INTO verb (id, present) VALUES(138, 'schwären');
INSERT INTO translation (verb_id, translation) VALUES(138, 'fester');
INSERT INTO preterite (verb_id, preterite) VALUES(138, 'schwärte');
INSERT INTO perfect (verb_id, aux_verb, perfect) VALUES(138, 'habe', 'geschwärt');

INSERT INTO verb (id, present) VALUES(139, 'schweigen');
INSERT INTO translation (verb_id, translation) VALUES(139, 'clam');
INSERT INTO preterite (verb_id, preterite) VALUES(139, 'schwieg');
INSERT INTO perfect (verb_id, aux_verb, perfect) VALUES(139, 'habe', 'geschwiegen');

INSERT INTO verb (id, present) VALUES(140, 'schwellen');
INSERT INTO translation (verb_id, translation) VALUES(140, 'swell');
INSERT INTO preterite (verb_id, preterite) VALUES(140, 'schwoll');
INSERT INTO perfect (verb_id, aux_verb, perfect) VALUES(140, 'habe', 'geschwollen');

INSERT INTO verb (id, present) VALUES(141, 'schwimmen');
INSERT INTO translation (verb_id, translation) VALUES(141, 'swim');
INSERT INTO preterite (verb_id, preterite) VALUES(141, 'schwamm');
INSERT INTO perfect (verb_id, aux_verb, perfect) VALUES(141, 'habe', 'geschwommen');

INSERT INTO verb (id, present) VALUES(142, 'schwinden');
INSERT INTO translation (verb_id, translation) VALUES(142, 'disappear');
INSERT INTO preterite (verb_id, preterite) VALUES(142, 'schwand');
INSERT INTO perfect (verb_id, aux_verb, perfect) VALUES(142, 'habe', 'geschwunden');

INSERT INTO verb (id, present) VALUES(143, 'schwingen');
INSERT INTO translation (verb_id, translation) VALUES(143, 'swing');
INSERT INTO preterite (verb_id, preterite) VALUES(143, 'schwang');
INSERT INTO perfect (verb_id, aux_verb, perfect) VALUES(143, 'habe', 'geschwungen');

INSERT INTO verb (id, present) VALUES(144, 'schwören');
INSERT INTO translation (verb_id, translation) VALUES(144, 'swear');
INSERT INTO preterite (verb_id, preterite) VALUES(144, 'schwur');
INSERT INTO perfect (verb_id, aux_verb, perfect) VALUES(144, 'habe', 'geschworen');

INSERT INTO verb (id, present) VALUES(145, 'sehen');
INSERT INTO translation (verb_id, translation) VALUES(145, 'see');
INSERT INTO preterite (verb_id, preterite) VALUES(145, 'sah');
INSERT INTO perfect (verb_id, aux_verb, perfect) VALUES(145, 'habe', 'gesehen');

INSERT INTO verb (id, present) VALUES(146, 'sein');
INSERT INTO translation (verb_id, translation) VALUES(146, 'be');
INSERT INTO preterite (verb_id, preterite) VALUES(146, 'war');
INSERT INTO perfect (verb_id, aux_verb, perfect) VALUES(146, 'habe', 'gewesen');

INSERT INTO verb (id, present) VALUES(147, 'senden');
INSERT INTO translation (verb_id, translation) VALUES(147, 'send');
INSERT INTO preterite (verb_id, preterite) VALUES(147, 'sandte');
INSERT INTO perfect (verb_id, aux_verb, perfect) VALUES(147, 'habe', 'gesandt');

INSERT INTO verb (id, present) VALUES(148, 'sieden');
INSERT INTO translation (verb_id, translation) VALUES(148, 'boil');
INSERT INTO preterite (verb_id, preterite) VALUES(148, 'siedete');
INSERT INTO perfect (verb_id, aux_verb, perfect) VALUES(148, 'habe', 'gesiedet');

INSERT INTO verb (id, present) VALUES(149, 'singen');
INSERT INTO translation (verb_id, translation) VALUES(149, 'sing');
INSERT INTO preterite (verb_id, preterite) VALUES(149, 'sang');
INSERT INTO perfect (verb_id, aux_verb, perfect) VALUES(149, 'habe', 'gesungen');

INSERT INTO verb (id, present) VALUES(150, 'sinken');
INSERT INTO translation (verb_id, translation) VALUES(150, 'sink');
INSERT INTO preterite (verb_id, preterite) VALUES(150, 'sank');
INSERT INTO perfect (verb_id, aux_verb, perfect) VALUES(150, 'habe', 'gesunken');

INSERT INTO verb (id, present) VALUES(151, 'sinnen');
INSERT INTO translation (verb_id, translation) VALUES(151, 'ponder');
INSERT INTO preterite (verb_id, preterite) VALUES(151, 'sann');
INSERT INTO perfect (verb_id, aux_verb, perfect) VALUES(151, 'habe', 'gesonnen');

INSERT INTO verb (id, present) VALUES(152, 'sitzen');
INSERT INTO translation (verb_id, translation) VALUES(152, 'sit');
INSERT INTO preterite (verb_id, preterite) VALUES(152, 'saß');
INSERT INTO perfect (verb_id, aux_verb, perfect) VALUES(152, 'habe', 'gesessen');

INSERT INTO verb (id, present) VALUES(153, 'sollen');
INSERT INTO translation (verb_id, translation) VALUES(153, 'should');
INSERT INTO preterite (verb_id, preterite) VALUES(153, 'sollte');
INSERT INTO perfect (verb_id, aux_verb, perfect) VALUES(153, 'habe', 'gesollt');

INSERT INTO verb (id, present) VALUES(154, 'speien');
INSERT INTO translation (verb_id, translation) VALUES(154, 'spit');
INSERT INTO preterite (verb_id, preterite) VALUES(154, 'spie');
INSERT INTO perfect (verb_id, aux_verb, perfect) VALUES(154, 'habe', 'gespien');

INSERT INTO verb (id, present) VALUES(155, 'spinnen');
INSERT INTO translation (verb_id, translation) VALUES(155, 'spin');
INSERT INTO preterite (verb_id, preterite) VALUES(155, 'spann');
INSERT INTO perfect (verb_id, aux_verb, perfect) VALUES(155, 'habe', 'gesponnen');

INSERT INTO verb (id, present) VALUES(156, 'sprechen');
INSERT INTO translation (verb_id, translation) VALUES(156, 'speak');
INSERT INTO preterite (verb_id, preterite) VALUES(156, 'sprach');
INSERT INTO perfect (verb_id, aux_verb, perfect) VALUES(156, 'habe', 'gesprochen');

INSERT INTO verb (id, present) VALUES(157, 'sprießen');
INSERT INTO translation (verb_id, translation) VALUES(157, 'spring');
INSERT INTO preterite (verb_id, preterite) VALUES(157, 'sproß');
INSERT INTO perfect (verb_id, aux_verb, perfect) VALUES(157, 'habe', 'gesprossen');

INSERT INTO verb (id, present) VALUES(158, 'springen');
INSERT INTO translation (verb_id, translation) VALUES(158, 'jump');
INSERT INTO preterite (verb_id, preterite) VALUES(158, 'sprang');
INSERT INTO perfect (verb_id, aux_verb, perfect) VALUES(158, 'habe', 'gesprungen');

INSERT INTO verb (id, present) VALUES(159, 'stechen');
INSERT INTO translation (verb_id, translation) VALUES(159, 'prick');
INSERT INTO preterite (verb_id, preterite) VALUES(159, 'stach');
INSERT INTO perfect (verb_id, aux_verb, perfect) VALUES(159, 'habe', 'gestochen');

INSERT INTO verb (id, present) VALUES(160, 'stecken');
INSERT INTO translation (verb_id, translation) VALUES(160, 'be');
INSERT INTO preterite (verb_id, preterite) VALUES(160, 'stak');
INSERT INTO preterite (verb_id, preterite) VALUES(160, 'steckte');
INSERT INTO perfect (verb_id, aux_verb, perfect) VALUES(160, 'habe', 'gesteckt');

INSERT INTO verb (id, present) VALUES(161, 'stehen');
INSERT INTO translation (verb_id, translation) VALUES(161, 'stand');
INSERT INTO preterite (verb_id, preterite) VALUES(161, 'stand');
INSERT INTO perfect (verb_id, aux_verb, perfect) VALUES(161, 'habe', 'gestanden');

INSERT INTO verb (id, present) VALUES(162, 'stehlen');
INSERT INTO translation (verb_id, translation) VALUES(162, 'steal');
INSERT INTO preterite (verb_id, preterite) VALUES(162, 'stahl');
INSERT INTO perfect (verb_id, aux_verb, perfect) VALUES(162, 'habe', 'gestohlen');

INSERT INTO verb (id, present) VALUES(163, 'steigen');
INSERT INTO translation (verb_id, translation) VALUES(163, 'climb');
INSERT INTO preterite (verb_id, preterite) VALUES(163, 'stieg');
INSERT INTO perfect (verb_id, aux_verb, perfect) VALUES(163, 'habe', 'gestiegen');

INSERT INTO verb (id, present) VALUES(164, 'sterben');
INSERT INTO translation (verb_id, translation) VALUES(164, 'die');
INSERT INTO preterite (verb_id, preterite) VALUES(164, 'starb');
INSERT INTO perfect (verb_id, aux_verb, perfect) VALUES(164, 'habe', 'gestorben');

INSERT INTO verb (id, present) VALUES(165, 'stieben');
INSERT INTO translation (verb_id, translation) VALUES(165, 'fly');
INSERT INTO preterite (verb_id, preterite) VALUES(165, 'stob');
INSERT INTO perfect (verb_id, aux_verb, perfect) VALUES(165, 'habe', 'gestoben');

INSERT INTO verb (id, present) VALUES(166, 'stinken');
INSERT INTO translation (verb_id, translation) VALUES(166, 'stink');
INSERT INTO preterite (verb_id, preterite) VALUES(166, 'stank');
INSERT INTO perfect (verb_id, aux_verb, perfect) VALUES(166, 'habe', 'gestunken');

INSERT INTO verb (id, present) VALUES(167, 'stoßen');
INSERT INTO translation (verb_id, translation) VALUES(167, 'shove');
INSERT INTO preterite (verb_id, preterite) VALUES(167, 'stieß');
INSERT INTO perfect (verb_id, aux_verb, perfect) VALUES(167, 'habe', 'gestossen');

INSERT INTO verb (id, present) VALUES(168, 'streichen');
INSERT INTO translation (verb_id, translation) VALUES(168, 'stroke');
INSERT INTO preterite (verb_id, preterite) VALUES(168, 'strich');
INSERT INTO perfect (verb_id, aux_verb, perfect) VALUES(168, 'habe', 'gestrichen');

INSERT INTO verb (id, present) VALUES(169, 'streiten');
INSERT INTO translation (verb_id, translation) VALUES(169, 'argue');
INSERT INTO preterite (verb_id, preterite) VALUES(169, 'stritt');
INSERT INTO perfect (verb_id, aux_verb, perfect) VALUES(169, 'habe', 'gestritten');

INSERT INTO verb (id, present) VALUES(170, 'tragen');
INSERT INTO translation (verb_id, translation) VALUES(170, 'carry');
INSERT INTO preterite (verb_id, preterite) VALUES(170, 'trug');
INSERT INTO perfect (verb_id, aux_verb, perfect) VALUES(170, 'habe', 'getragen');

INSERT INTO verb (id, present) VALUES(171, 'treffen');
INSERT INTO translation (verb_id, translation) VALUES(171, 'meet');
INSERT INTO preterite (verb_id, preterite) VALUES(171, 'traf');
INSERT INTO perfect (verb_id, aux_verb, perfect) VALUES(171, 'habe', 'getroffen');

INSERT INTO verb (id, present) VALUES(172, 'treiben');
INSERT INTO translation (verb_id, translation) VALUES(172, 'drive');
INSERT INTO preterite (verb_id, preterite) VALUES(172, 'trieb');
INSERT INTO perfect (verb_id, aux_verb, perfect) VALUES(172, 'habe', 'getrieben');

INSERT INTO verb (id, present) VALUES(173, 'treten');
INSERT INTO translation (verb_id, translation) VALUES(173, 'step');
INSERT INTO preterite (verb_id, preterite) VALUES(173, 'trat');
INSERT INTO perfect (verb_id, aux_verb, perfect) VALUES(173, 'habe', 'getreten');

INSERT INTO verb (id, present) VALUES(174, 'triefen');
INSERT INTO translation (verb_id, translation) VALUES(174, 'drip');
INSERT INTO preterite (verb_id, preterite) VALUES(174, 'troff');
INSERT INTO perfect (verb_id, aux_verb, perfect) VALUES(174, 'habe', 'getroffen');

INSERT INTO verb (id, present) VALUES(175, 'trinken');
INSERT INTO translation (verb_id, translation) VALUES(175, 'drink');
INSERT INTO preterite (verb_id, preterite) VALUES(175, 'trank');
INSERT INTO perfect (verb_id, aux_verb, perfect) VALUES(175, 'habe', 'getrunken');

INSERT INTO verb (id, present) VALUES(176, 'trügen');
INSERT INTO translation (verb_id, translation) VALUES(176, 'deceive');
INSERT INTO preterite (verb_id, preterite) VALUES(176, 'trog');
INSERT INTO perfect (verb_id, aux_verb, perfect) VALUES(176, 'habe', 'getrogen');

INSERT INTO verb (id, present) VALUES(177, 'tun');
INSERT INTO translation (verb_id, translation) VALUES(177, 'do');
INSERT INTO preterite (verb_id, preterite) VALUES(177, 'tat');
INSERT INTO perfect (verb_id, aux_verb, perfect) VALUES(177, 'habe', 'getan');

INSERT INTO verb (id, present) VALUES(178, 'verderben');
INSERT INTO translation (verb_id, translation) VALUES(178, 'spoil');
INSERT INTO preterite (verb_id, preterite) VALUES(178, 'verdarb');
INSERT INTO perfect (verb_id, aux_verb, perfect) VALUES(178, 'habe', 'verdorben');

INSERT INTO verb (id, present) VALUES(179, 'verdrießen');
INSERT INTO translation (verb_id, translation) VALUES(179, 'peeve');
INSERT INTO preterite (verb_id, preterite) VALUES(179, 'verdroß');
INSERT INTO perfect (verb_id, aux_verb, perfect) VALUES(179, 'habe', 'verdrossen');

INSERT INTO verb (id, present) VALUES(180, 'vergessen');
INSERT INTO translation (verb_id, translation) VALUES(180, 'forget');
INSERT INTO preterite (verb_id, preterite) VALUES(180, 'vergaß');
INSERT INTO perfect (verb_id, aux_verb, perfect) VALUES(180, 'habe', 'vergessen');

INSERT INTO verb (id, present) VALUES(181, 'verlieren');
INSERT INTO translation (verb_id, translation) VALUES(181, 'lose');
INSERT INTO preterite (verb_id, preterite) VALUES(181, 'verlor');
INSERT INTO perfect (verb_id, aux_verb, perfect) VALUES(181, 'habe', 'verloren');

INSERT INTO verb (id, present) VALUES(182, 'verschleißen');
INSERT INTO translation (verb_id, translation) VALUES(182, 'wear');
INSERT INTO preterite (verb_id, preterite) VALUES(182, 'verschliß');
INSERT INTO perfect (verb_id, aux_verb, perfect) VALUES(182, 'habe', 'verschlissen');

INSERT INTO verb (id, present) VALUES(183, 'wachsen');
INSERT INTO translation (verb_id, translation) VALUES(183, 'grow');
INSERT INTO preterite (verb_id, preterite) VALUES(183, 'wuchs');
INSERT INTO perfect (verb_id, aux_verb, perfect) VALUES(183, 'habe', 'gewachsen');

INSERT INTO verb (id, present) VALUES(184, 'wägen');
INSERT INTO translation (verb_id, translation) VALUES(184, 'weigh');
INSERT INTO preterite (verb_id, preterite) VALUES(184, 'wog');
INSERT INTO perfect (verb_id, aux_verb, perfect) VALUES(184, 'habe', 'gewogen');

INSERT INTO verb (id, present) VALUES(185, 'waschen');
INSERT INTO translation (verb_id, translation) VALUES(185, 'wash');
INSERT INTO preterite (verb_id, preterite) VALUES(185, 'wusch');
INSERT INTO perfect (verb_id, aux_verb, perfect) VALUES(185, 'habe', 'gewaschen');

INSERT INTO verb (id, present) VALUES(186, 'weben');
INSERT INTO translation (verb_id, translation) VALUES(186, 'weave');
INSERT INTO preterite (verb_id, preterite) VALUES(186, 'webte');
INSERT INTO perfect (verb_id, aux_verb, perfect) VALUES(186, 'habe', 'gewebt');

INSERT INTO verb (id, present) VALUES(187, 'weichen');
INSERT INTO translation (verb_id, translation) VALUES(187, 'yield');
INSERT INTO preterite (verb_id, preterite) VALUES(187, 'wich');
INSERT INTO perfect (verb_id, aux_verb, perfect) VALUES(187, 'habe', 'gewichen');

INSERT INTO verb (id, present) VALUES(188, 'weisen');
INSERT INTO translation (verb_id, translation) VALUES(188, 'how');
INSERT INTO preterite (verb_id, preterite) VALUES(188, 'wies');
INSERT INTO perfect (verb_id, aux_verb, perfect) VALUES(188, 'habe', 'gewiesen');

INSERT INTO verb (id, present) VALUES(189, 'wenden');
INSERT INTO translation (verb_id, translation) VALUES(189, 'turn');
INSERT INTO preterite (verb_id, preterite) VALUES(189, 'wandte');
INSERT INTO perfect (verb_id, aux_verb, perfect) VALUES(189, 'habe', 'gewandt');

INSERT INTO verb (id, present) VALUES(190, 'werben');
INSERT INTO translation (verb_id, translation) VALUES(190, 'win');
INSERT INTO preterite (verb_id, preterite) VALUES(190, 'warb');
INSERT INTO perfect (verb_id, aux_verb, perfect) VALUES(190, 'habe', 'geworben');

INSERT INTO verb (id, present) VALUES(191, 'werden');
INSERT INTO translation (verb_id, translation) VALUES(191, 'become');
INSERT INTO preterite (verb_id, preterite) VALUES(191, 'wurde');
INSERT INTO perfect (verb_id, aux_verb, perfect) VALUES(191, 'habe', '(ge)worden');

INSERT INTO verb (id, present) VALUES(192, 'werfen');
INSERT INTO translation (verb_id, translation) VALUES(192, 'throw');
INSERT INTO preterite (verb_id, preterite) VALUES(192, 'warf');
INSERT INTO perfect (verb_id, aux_verb, perfect) VALUES(192, 'habe', 'geworfen');

INSERT INTO verb (id, present) VALUES(193, 'wiegen');
INSERT INTO translation (verb_id, translation) VALUES(193, 'weigh');
INSERT INTO preterite (verb_id, preterite) VALUES(193, 'wog');
INSERT INTO perfect (verb_id, aux_verb, perfect) VALUES(193, 'habe', 'gewogen');

INSERT INTO verb (id, present) VALUES(194, 'winden');
INSERT INTO translation (verb_id, translation) VALUES(194, 'wind');
INSERT INTO preterite (verb_id, preterite) VALUES(194, 'wand');
INSERT INTO perfect (verb_id, aux_verb, perfect) VALUES(194, 'habe', 'gewunden');

INSERT INTO verb (id, present) VALUES(195, 'winken');
INSERT INTO translation (verb_id, translation) VALUES(195, 'wave');
INSERT INTO preterite (verb_id, preterite) VALUES(195, 'winkte');
INSERT INTO perfect (verb_id, aux_verb, perfect) VALUES(195, 'habe', 'gewinkt');

INSERT INTO verb (id, present) VALUES(196, 'wissen');
INSERT INTO translation (verb_id, translation) VALUES(196, 'know');
INSERT INTO preterite (verb_id, preterite) VALUES(196, 'wußte');
INSERT INTO perfect (verb_id, aux_verb, perfect) VALUES(196, 'habe', 'gewußt');

INSERT INTO verb (id, present) VALUES(197, 'wollen');
INSERT INTO translation (verb_id, translation) VALUES(197, 'want');
INSERT INTO preterite (verb_id, preterite) VALUES(197, 'wollte');
INSERT INTO perfect (verb_id, aux_verb, perfect) VALUES(197, 'habe', 'gewollt');

INSERT INTO verb (id, present) VALUES(198, 'wringen');
INSERT INTO translation (verb_id, translation) VALUES(198, 'wring');
INSERT INTO preterite (verb_id, preterite) VALUES(198, 'wrang');
INSERT INTO perfect (verb_id, aux_verb, perfect) VALUES(198, 'habe', 'gewrungen');

INSERT INTO verb (id, present) VALUES(199, 'zeihen');
INSERT INTO translation (verb_id, translation) VALUES(199, 'accuse');
INSERT INTO preterite (verb_id, preterite) VALUES(199, 'zieh');
INSERT INTO perfect (verb_id, aux_verb, perfect) VALUES(199, 'habe', 'geziehen');

INSERT INTO verb (id, present) VALUES(200, 'ziehen');
INSERT INTO translation (verb_id, translation) VALUES(200, 'pull');
INSERT INTO preterite (verb_id, preterite) VALUES(200, 'zog');
INSERT INTO perfect (verb_id, aux_verb, perfect) VALUES(200, 'habe', 'gezogen');

